Title,Description,URL,text_to_analyze,sentiment
"Under Trump, AI Scientists Are Told to Remove ‘Ideological Bias’ From Powerful Models",A directive from the National Institute of Standards and Technology eliminates mention of “AI safety” and “AI fairness.”,https://www.wired.com/story/ai-safety-institute-new-directive-america-first/,"Under Trump, AI Scientists Are Told to Remove ‘Ideological Bias’ From Powerful Models A directive from the National Institute of Standards and Technology eliminates mention of “AI safety” and “AI fairness.”",positive
Google Is Developing Technology to Deliver Internet Via Light Bridges,Taara is the latest moonshot out of Alphabet’s X lab.,https://gizmodo.com/google-is-developing-technology-to-deliver-internet-via-light-bridges-2000570215,Google Is Developing Technology to Deliver Internet Via Light Bridges Taara is the latest moonshot out of Alphabet’s X lab.,neutral
LG’s new air conditioner directs cool air towards people it detects.,"The Artcool AI Air doesn’t look as artsy as LG’s previous Artcool air conditioners, but it does offer improved energy efficiency by detecting the room’s layout and the position of its occupants so it can direct airflow right to them. The company hasn’t announ…",https://www.theverge.com/news/626065/lg-artcool-ai-air-conditioner-room-occupant-sensing,"LG’s new air conditioner directs cool air towards people it detects. The Artcool AI Air doesn’t look as artsy as LG’s previous Artcool air conditioners, but it does offer improved energy efficiency by detecting the room’s layout and the position of its occupants so it can direct airflow right to them. The company hasn’t announ…",positive
AMD is launching its latest Ryzen 9 X3D gaming processors on March 12th,"AMD is announcing that its latest gaming-oriented Ryzen 9 9950X3D and 9900X3D processors will be available next week. The new chips improve on the 9800X3D, which is widely considered as the best gaming CPU. The new ones feature 16 Zen 5 cores and second-gener…",https://www.theverge.com/news/625984/amd-ryzen-9-x3d-9950-9900-16-zen-5-cores-launch,"AMD is launching its latest Ryzen 9 X3D gaming processors on March 12th AMD is announcing that its latest gaming-oriented Ryzen 9 9950X3D and 9900X3D processors will be available next week. The new chips improve on the 9800X3D, which is widely considered as the best gaming CPU. The new ones feature 16 Zen 5 cores and second-gener…",positive
Watch this ultra-detailed animation of the seafloor,The world has a more detailed map of the seafloor than ever before thanks to observations taken from space. NASA published a video this week showing a remarkably clear picture of the bottom of the ocean made possible thanks to new satellite technology. The fa…,https://www.theverge.com/nasa/634086/ocean-floor-map-satellite-nasa-cnes,Watch this ultra-detailed animation of the seafloor The world has a more detailed map of the seafloor than ever before thanks to observations taken from space. NASA published a video this week showing a remarkably clear picture of the bottom of the ocean made possible thanks to new satellite technology. The fa…,positive
FCC chair says we’re too dependent on GPS and wants to explore ‘alternatives’,"The Federal Communications Commission (FCC) plans to vote on an inquiry to explore alternatives to GPS, FCC chair Brendan Carr says in a blog post. Carr says that while GPS has been “indispensable,” the technology “isn’t infallible” and that “disruptions to G…",https://www.theverge.com/news/625671/fcc-vote-gps-911-technologies-inquiry,"FCC chair says we’re too dependent on GPS and wants to explore ‘alternatives’ The Federal Communications Commission (FCC) plans to vote on an inquiry to explore alternatives to GPS, FCC chair Brendan Carr says in a blog post. Carr says that while GPS has been “indispensable,” the technology “isn’t infallible” and that “disruptions to G…",neutral
7 cool indie games from GDC 2025,"The Game Developers Conference, an annual gathering that brings thousands of game developers to San Francisco, has just wrapped up. While most of the event is about networking and interesting talks about game design and technology, there were also a bunch of …",https://www.theverge.com/games/633885/gdc-2025-best-indie-games,"7 cool indie games from GDC 2025 The Game Developers Conference, an annual gathering that brings thousands of game developers to San Francisco, has just wrapped up. While most of the event is about networking and interesting talks about game design and technology, there were also a bunch of …",positive
Xiaomi Buds 5 Pro are the first to deliver on Qualcomm’s promise of Wi-Fi earbuds,"Xiaomi has given a European launch to its Buds 5 Pro, the first earbuds to use Qualcomm’s S7 Pro chip to stream audio over Wi-Fi, in addition to Bluetooth, with no increase in power consumption. Qualcomm announced the technology in October 2023, and this is t…",https://www.theverge.com/news/622452/xiaomi-buds-5-pro-are-the-first-to-deliver-on-qualcomms-promise-of-wi-fi-earbuds,"Xiaomi Buds 5 Pro are the first to deliver on Qualcomm’s promise of Wi-Fi earbuds Xiaomi has given a European launch to its Buds 5 Pro, the first earbuds to use Qualcomm’s S7 Pro chip to stream audio over Wi-Fi, in addition to Bluetooth, with no increase in power consumption. Qualcomm announced the technology in October 2023, and this is t…",positive
Here’s a new trailer for the ambitious survival game from PUBG’s creator,"PlayerUnknown Productions, the studio from PUBG creator Brendan Greene (aka PlayerUnknown), has shared a gameplay trailer for Prologue: Go Wayback!, a single-player survival game that’s launching in early access on Steam this year. The studio previously share…",https://www.theverge.com/news/620988/playerunknown-productions-prologue-go-wayback-trailer,"Here’s a new trailer for the ambitious survival game from PUBG’s creator PlayerUnknown Productions, the studio from PUBG creator Brendan Greene (aka PlayerUnknown), has shared a gameplay trailer for Prologue: Go Wayback!, a single-player survival game that’s launching in early access on Steam this year. The studio previously share…",positive
Android 16 is getting a major hearing accessibility feature,"Android phones will soon support Auracast with Bluetooth LE hearing aids, letting people tune in to audio broadcasts in places where it’s otherwise hard to hear. Auracast is a Bluetooth Audio LE feature, and it allows one broadcaster to connect to a virtually…",https://www.theverge.com/tech/628533/android-16-auracast-hearing-aid-support,"Android 16 is getting a major hearing accessibility feature Android phones will soon support Auracast with Bluetooth LE hearing aids, letting people tune in to audio broadcasts in places where it’s otherwise hard to hear. Auracast is a Bluetooth Audio LE feature, and it allows one broadcaster to connect to a virtually…",positive
Hear what Horizon Zero Dawn actor Ashly Burch thinks about AI taking her job,"Ashly Burch, the award-winning voice and performance actor behind Horizon Zero Dawn’s Aloy — one of the most prominent characters on PlayStation today — has some news and some very strong thoughts about the leaked Sony experiment that saw her character voiced…",https://www.theverge.com/news/630176/ashly-burch-sony-ai-horizon-aloy-tech-demo-sag-aftra-strike,"Hear what Horizon Zero Dawn actor Ashly Burch thinks about AI taking her job Ashly Burch, the award-winning voice and performance actor behind Horizon Zero Dawn’s Aloy — one of the most prominent characters on PlayStation today — has some news and some very strong thoughts about the leaked Sony experiment that saw her character voiced…",positive
Sony is experimenting with AI-powered PlayStation characters,Sony is working on a prototype AI-powered version of at least one its PlayStation game characters. An anonymous tipster has shared an internal video from Sony’s PlayStation group with The Verge that demonstrates an AI-powered version of Aloy from Horizon Forb…,https://www.theverge.com/news/626695/sony-playstation-ai-characters-aloy-horizon-forbidden-west-prototype,Sony is experimenting with AI-powered PlayStation characters Sony is working on a prototype AI-powered version of at least one its PlayStation game characters. An anonymous tipster has shared an internal video from Sony’s PlayStation group with The Verge that demonstrates an AI-powered version of Aloy from Horizon Forb…,positive
The unexpected knock-on effect of Trump's minerals 'deal of the century',"The president once derided attempts to develop new green technology as a ""green new scam"" - but his deal could help boost the US's potential in the sector",https://www.bbc.com/news/articles/c30mjedjzgpo,"The unexpected knock-on effect of Trump's minerals 'deal of the century' The president once derided attempts to develop new green technology as a ""green new scam"" - but his deal could help boost the US's potential in the sector",positive
Apple Releases Safari Technology Preview 214 With Bug Fixes and Performance Improvements,"Apple today released a new update for Safari Technology Preview, the experimental browser that was first introduced in March 2016. Apple designed ‌Safari Technology Preview‌ to allow users to test features that are planned for future release versions of the S…",https://www.macrumors.com/2025/02/27/apple-releases-safari-technology-preview-214/,"Apple Releases Safari Technology Preview 214 With Bug Fixes and Performance Improvements Apple today released a new update for Safari Technology Preview, the experimental browser that was first introduced in March 2016. Apple designed ‌Safari Technology Preview‌ to allow users to test features that are planned for future release versions of the S…",positive
Apple Releases Safari Technology Preview 215 With Bug Fixes and Performance Improvements,"Apple today released a new update for Safari Technology Preview, the experimental browser that was first introduced in March 2016. Apple designed ‌Safari Technology Preview‌ to allow users to test features that are planned for future release versions of the S…",https://www.macrumors.com/2025/03/17/apple-releases-safari-technology-preview-215/,"Apple Releases Safari Technology Preview 215 With Bug Fixes and Performance Improvements Apple today released a new update for Safari Technology Preview, the experimental browser that was first introduced in March 2016. Apple designed ‌Safari Technology Preview‌ to allow users to test features that are planned for future release versions of the S…",positive
Google’s Gemini Robotics AI Model Reaches Into the Physical World,Google has developed an AI model that gives humanoids and other robots more intelligence—and a tool designed to give them a moral compass too.,https://www.wired.com/story/googles-gemini-robotics-ai-model-that-reaches-into-the-physical-world/,Google’s Gemini Robotics AI Model Reaches Into the Physical World Google has developed an AI model that gives humanoids and other robots more intelligence—and a tool designed to give them a moral compass too.,positive
Sony’s Dazzling New RGB LED TV Comes in 2026,Sony’s incoming RGB tech joins Hisense and Samsung in the race to define the future of LED TVs.,https://www.wired.com/story/sony-rgb-led-tv/,Sony’s Dazzling New RGB LED TV Comes in 2026 Sony’s incoming RGB tech joins Hisense and Samsung in the race to define the future of LED TVs.,neutral
Chinese Companies Rush to Put DeepSeek in Everything,"From video game developers to a nuclear power plant, companies across China are adopting DeepSeek’s AI models to boost stock prices and flaunt their national pride.",https://www.wired.com/story/deepseek-china-nationalism/,"Chinese Companies Rush to Put DeepSeek in Everything From video game developers to a nuclear power plant, companies across China are adopting DeepSeek’s AI models to boost stock prices and flaunt their national pride.",positive
The Verge hires Tina Nguyen as senior reporter to cover the Trump administration,"Tina Nguyen is joining The Verge as a senior reporter, covering the Trump administration, Elon Muskâs takeover of the federal government, and the tech industryâs embrace of the MAGA movement. Nguyen joins The Verge from Puck, where she was a founding part…",https://www.theverge.com/press-room/621557/tina-nguyen-joins-verge,"The Verge hires Tina Nguyen as senior reporter to cover the Trump administration Tina Nguyen is joining The Verge as a senior reporter, covering the Trump administration, Elon Muskâs takeover of the federal government, and the tech industryâs embrace of the MAGA movement. Nguyen joins The Verge from Puck, where she was a founding part…",positive
Apple will soon support encrypted RCS messaging with Android users,iPhone and Android users will be able to exchange end-to-end encrypted (E2EE) RCS messages in the near future thanks to newly updated RCS specifications. The GSM Association announced that the latest RCS standard includes E2EE based on the Messaging Layer Sec…,https://www.theverge.com/news/629620/apple-iphone-e2ee-encryption-rcs-messaging-android,Apple will soon support encrypted RCS messaging with Android users iPhone and Android users will be able to exchange end-to-end encrypted (E2EE) RCS messages in the near future thanks to newly updated RCS specifications. The GSM Association announced that the latest RCS standard includes E2EE based on the Messaging Layer Sec…,positive
Cellphone deepfake detection technology unveiled at MWC,"STORY: :: Barcelona, SpainIt's a new line of defense against the rising prevalence of deepfakes.:: March 2, 2025All built into a mobile phone, one artificial...",https://finance.yahoo.com/video/cellphone-deepfake-detection-technology-unveiled-142431681.html,"Cellphone deepfake detection technology unveiled at MWC STORY: :: Barcelona, SpainIt's a new line of defense against the rising prevalence of deepfakes.:: March 2, 2025All built into a mobile phone, one artificial...",positive
"GHD’s Chronos Max Review: High Tech, Not High Heat","This new wide-plate straightening iron has only one temperature setting, but that’s not necessarily a bad thing.",https://www.wired.com/review/ghd-chronos-max-hair-straightener/,"GHD’s Chronos Max Review: High Tech, Not High Heat This new wide-plate straightening iron has only one temperature setting, but that’s not necessarily a bad thing.",positive
"Insomniac’s VR titles delisted, casting a shadow over the technology","Insomniac's VR games are no longer for sale, suggesting that the VR market in particular may not be a welcome technology for older titles to thrive.",https://venturebeat.com/games/insomniacs-vr-titles-delisted-casting-a-shadow-over-the-technology/,"Insomniac’s VR titles delisted, casting a shadow over the technology Insomniac's VR games are no longer for sale, suggesting that the VR market in particular may not be a welcome technology for older titles to thrive.",negative
Top general warns Marines that their cellphones could get them killed in new video pointing out Russian catastrophes,"""The character of war continues to change,"" the general said. ""The proliferation of technology has made signature management essential.""",https://www.businessinsider.com/marine-general-warns-troops-cellphones-could-get-them-killed-video-2025-3,"Top general warns Marines that their cellphones could get them killed in new video pointing out Russian catastrophes ""The character of war continues to change,"" the general said. ""The proliferation of technology has made signature management essential.""",negative
Quantum Computing Is Dead. Long Live Quantum Computing!,"Schrödinger’s cat is alive and dead at the same time. Ironically enough, so is quantum computing.",https://www.wired.com/story/quantum-computing-is-dead-alive/,"Quantum Computing Is Dead. Long Live Quantum Computing! Schrödinger’s cat is alive and dead at the same time. Ironically enough, so is quantum computing.",negative
A Private Space Mission Just Successfully Landed on the Moon for the First Time,"Firefly Aerospace’s Blue Ghost Mission 1 has touched down successfully, and marks a key milestone in NASA’s quest to have private companies deliver shipments of equipment to the lunar surface.",https://www.wired.com/story/a-private-space-mission-has-successfully-landed-on-the-moon-for-the-first-time-blue-ghost-firefly-aerospace/,"A Private Space Mission Just Successfully Landed on the Moon for the First Time Firefly Aerospace’s Blue Ghost Mission 1 has touched down successfully, and marks a key milestone in NASA’s quest to have private companies deliver shipments of equipment to the lunar surface.",positive
The armless PP-1 turntable is made from a solid block of aluminum,"A Paris-based creative studio has announced a minimalist turntable with controls streamlined to just a play button and a volume knob. Waiting For Ideas’ PP-1 — short for Plug and Play — doesn’t even have a visible tonearm, and it’s made from a solid block of …",https://www.theverge.com/news/621863/waiting-for-ideas-pp-1-turntable-solid-aluminum-vinyl-record,"The armless PP-1 turntable is made from a solid block of aluminum A Paris-based creative studio has announced a minimalist turntable with controls streamlined to just a play button and a volume knob. Waiting For Ideas’ PP-1 — short for Plug and Play — doesn’t even have a visible tonearm, and it’s made from a solid block of …",positive
"It Costs a Lot to Replace EV Batteries, but How Often Do You Need to?","Battery technology has made significant strides. With modern EV batteries now lasting over 100,000 miles, you might not feel the need to replace them.",https://www.cnet.com/home/electric-vehicles/it-costs-a-lot-replace-ev-batteries-but-how-often-do-you-need-to/,"It Costs a Lot to Replace EV Batteries, but How Often Do You Need to? Battery technology has made significant strides. With modern EV batteries now lasting over 100,000 miles, you might not feel the need to replace them.",positive
5 wild things quantum computing could unlock now that Big Tech believes a breakthrough is within reach,"Big Tech companies are heavily invested in quantum computing development. While unstable, the technology could change medicine and other fields.",https://www.businessinsider.com/quantum-computing-could-improve-medicine-climate-logistics-world-hunger-2025-3,"5 wild things quantum computing could unlock now that Big Tech believes a breakthrough is within reach Big Tech companies are heavily invested in quantum computing development. While unstable, the technology could change medicine and other fields.",negative
The CEO of Anthropic thinks it may be impossible to warn people about the risks of AI — but he's still going to try,"Dario Amodei expects people to ""wake up"" to both the risks and rewards of the technology within the next two years.",https://www.businessinsider.com/anthropic-ceo-says-ai-risks-are-being-overlooked-2025-2,"The CEO of Anthropic thinks it may be impossible to warn people about the risks of AI — but he's still going to try Dario Amodei expects people to ""wake up"" to both the risks and rewards of the technology within the next two years.",positive
Tesla more than tripled the workers testing its self-driving technology in California,The increase in capability comes as Elon Musk's electric-vehicle maker aims to release its much-hyped Robotaxi in some cities by the end of 2025.,https://www.businessinsider.com/tesla-autonomous-driving-california-robotaxi-2025-3,Tesla more than tripled the workers testing its self-driving technology in California The increase in capability comes as Elon Musk's electric-vehicle maker aims to release its much-hyped Robotaxi in some cities by the end of 2025.,positive
VCs have poured billions into a nascent nuclear technology — these are the 4 companies to watch,Just 4 small modular reactor companies have received $3B in VC funding. But leading experts tell BI it's unclear if SMRs will solve AI energy needs.,https://www.businessinsider.com/small-modular-reactor-venture-capital-ai-data-centers-2025-3,VCs have poured billions into a nascent nuclear technology — these are the 4 companies to watch Just 4 small modular reactor companies have received $3B in VC funding. But leading experts tell BI it's unclear if SMRs will solve AI energy needs.,positive
"Sony Ult Wear Noise Cancelling Headphones Are Now at a Steal for $148, Way Cheaper Than AirPods Max",Enjoy your favorite music in a whole new way with Sony thanks to this discount.,https://gizmodo.com/sony-ult-wear-noise-cancelling-headphones-are-now-at-a-steal-for-148-way-cheaper-than-airpods-max-2000576011,"Sony Ult Wear Noise Cancelling Headphones Are Now at a Steal for $148, Way Cheaper Than AirPods Max Enjoy your favorite music in a whole new way with Sony thanks to this discount.",positive
What to Expect at Nvidia GTC 2025,"Robots, quantum computing, and AI—so much AI. Nvidia GTC will be doing a deep dive into the future of AI, robotics and more.",https://gizmodo.com/what-to-expect-at-nvidia-gtc-2025-2000576285,"What to Expect at Nvidia GTC 2025 Robots, quantum computing, and AI—so much AI. Nvidia GTC will be doing a deep dive into the future of AI, robotics and more.",neutral
"Forget JBL, This Anker Soundcore 2 Portable Speaker Drops to Just $28 for a Limited Time",This speaker has a lengthy battery life and everything you need to take the party wherever you go.,https://gizmodo.com/forget-jbl-this-anker-soundcore-2-portable-speaker-drops-to-just-28-for-a-limited-time-2000569042,"Forget JBL, This Anker Soundcore 2 Portable Speaker Drops to Just $28 for a Limited Time This speaker has a lengthy battery life and everything you need to take the party wherever you go.",neutral
Wire Recording Speaks Again,"If you think of old recording technology, you probably think of magnetic tape, either in some kind of cassette or, maybe, on reels. But there’s an even older technology that recorded voice on…",https://hackaday.com/2025/03/16/wire-recording-speaks-again/,"Wire Recording Speaks Again If you think of old recording technology, you probably think of magnetic tape, either in some kind of cassette or, maybe, on reels. But there’s an even older technology that recorded voice on…",neutral
Elon Musk’s Neuralink Files to Trademark ‘Telepathy’,"The brain implant company cofounded by Elon Musk is moving to trademark several product names, including Telepathy and Telekinesis.",https://www.wired.com/story/elon-musks-neuralink-files-trademark-telepathy/,"Elon Musk’s Neuralink Files to Trademark ‘Telepathy’ The brain implant company cofounded by Elon Musk is moving to trademark several product names, including Telepathy and Telekinesis.",neutral
10 upgrades the FAA says it's making to flying safer,Transportation Secretary Sean Duffy listed things like using AI to comb through safety reports and replacing old floppy disks with modern technology.,https://www.businessinsider.com/faa-upgrades-air-safety-dc-crash-2025-3,10 upgrades the FAA says it's making to flying safer Transportation Secretary Sean Duffy listed things like using AI to comb through safety reports and replacing old floppy disks with modern technology.,positive
New AI models are running on just one or two chips. Will they trigger another DeepSeek moment for Nvidia?,New AI models from the likes of Google are showing that the technology can be run with just one or two Nvidia chips.,https://www.businessinsider.com/google-gemma-cohere-nvidia-chips-efficient-deepseek-2025-3,New AI models are running on just one or two chips. Will they trigger another DeepSeek moment for Nvidia? New AI models from the likes of Google are showing that the technology can be run with just one or two Nvidia chips.,positive
Nvidia's partnership with Taco Bell means AI could soon do more than take your drive-thru order,"Nvidia and Yum! Brands, the owner of Taco Bell, have a strategic partnership for AI, meaning the technology could extend beyond drive-thru orders.",https://www.businessinsider.com/nvidia-taco-bell-yum-team-up-on-ai-ordering-2025-3,"Nvidia's partnership with Taco Bell means AI could soon do more than take your drive-thru order Nvidia and Yum! Brands, the owner of Taco Bell, have a strategic partnership for AI, meaning the technology could extend beyond drive-thru orders.",positive
U.S. Housing Agency Considers Launching Crypto Experiment,HUD is pondering using the blockchain and a stablecoin. One HUD official derided it as “monopoly money.”,https://gizmodo.com/u-s-housing-agency-considers-launching-crypto-experiment-2000573596,U.S. Housing Agency Considers Launching Crypto Experiment HUD is pondering using the blockchain and a stablecoin. One HUD official derided it as “monopoly money.”,negative
Yahoo Is Still Here—and It Has Big Plans for AI,"Even as Yahoo turns 30, CEO Jim Lanzone says the company is still in “building mode.”",https://www.wired.com/story/plaintext-yahoo-turns-30-jim-lanzone/,"Yahoo Is Still Here—and It Has Big Plans for AI Even as Yahoo turns 30, CEO Jim Lanzone says the company is still in “building mode.”",neutral
China Delays BYD Factory in Mexico Over Concerns Tech Will Leak to American Rivals,Spiderman pointing at Spiderman meme.,https://gizmodo.com/china-delays-byd-factory-in-mexico-over-concerns-tech-will-leak-to-american-rivals-2000578281,China Delays BYD Factory in Mexico Over Concerns Tech Will Leak to American Rivals Spiderman pointing at Spiderman meme.,negative
Livewire launches Gamer.ID identity solution for brands and agencies to reach gamers,"Livewire, a game marketing startup, has launched Gamer.ID, a next-generation identity framework within its Gameview technology stack.",https://venturebeat.com/games/livewire-launches-gamer-id-identity-solution-for-brands-and-agencies-to-reach-gamers/,"Livewire launches Gamer.ID identity solution for brands and agencies to reach gamers Livewire, a game marketing startup, has launched Gamer.ID, a next-generation identity framework within its Gameview technology stack.",positive
GM taps Nvidia to boost its embattled self-driving projects,"At Nvidia’s annual GTC conference in San Jose, Calif. today, the chipmaker announced it was teaming up with General Motors to develop next-generation cars, robots, and factories.  GM says it will apply several of Nvidia’s products to its business, such as the…",https://www.theverge.com/news/631951/gm-nvidia-gtc-deal-cars-robots-factories,"GM taps Nvidia to boost its embattled self-driving projects At Nvidia’s annual GTC conference in San Jose, Calif. today, the chipmaker announced it was teaming up with General Motors to develop next-generation cars, robots, and factories.  GM says it will apply several of Nvidia’s products to its business, such as the…",positive
Amazon Offers a Self-Heating Coffee Mug at an All-Time Low to Clear Out Stock,Your cup of Joe can remain eternally hot with this discounted Nextmug.,https://gizmodo.com/amazon-offers-a-self-heating-coffee-mug-at-an-all-time-low-to-clear-out-stock-2000572344,Amazon Offers a Self-Heating Coffee Mug at an All-Time Low to Clear Out Stock Your cup of Joe can remain eternally hot with this discounted Nextmug.,positive
Subsea fibre cables can 'listen out' for sabotage,"Ways are being developed for subsea cables to ""sense"" whether they are being disturbed or attacked.",https://www.bbc.com/news/articles/cn52rglxr62o,"Subsea fibre cables can 'listen out' for sabotage Ways are being developed for subsea cables to ""sense"" whether they are being disturbed or attacked.",negative
Quantum Computing: Tech's Next Giant Leap?,Recent developments suggest this futuristic technology is inching closer to reality.,https://finance.yahoo.com/news/quantum-computing-techs-next-giant-201200500.html,Quantum Computing: Tech's Next Giant Leap? Recent developments suggest this futuristic technology is inching closer to reality.,neutral
Sony Unveils RGB LED Backlight Tech That Outperforms Traditional Mini LED,"Sony has developed a new TV display technology combining individual red, green, and blue LEDs for backlighting, potentially offering a middle ground between existing Mini LED and OLED panels. Dubbed ""General RGB LED Backlight Technology,"" the system enables p…",https://entertainment.slashdot.org/story/25/03/19/0743248/sony-unveils-rgb-led-backlight-tech-that-outperforms-traditional-mini-led,"Sony Unveils RGB LED Backlight Tech That Outperforms Traditional Mini LED Sony has developed a new TV display technology combining individual red, green, and blue LEDs for backlighting, potentially offering a middle ground between existing Mini LED and OLED panels. Dubbed ""General RGB LED Backlight Technology,"" the system enables p…",neutral
Power Rangers May Get an AI-Boosted Remaster,"As Hasbro tries to figure out what to do with Power Rangers, the show's older seasons may get upscaled with some help from generative AI.",https://gizmodo.com/power-rangers-may-get-an-ai-boosted-remaster-2000570522,"Power Rangers May Get an AI-Boosted Remaster As Hasbro tries to figure out what to do with Power Rangers, the show's older seasons may get upscaled with some help from generative AI.",positive
"Shark FlexStyle Styling System Hits a Record Low of $250, the Dyson Airwrap Alternative You Need","Why wait? Shark FlexStyle is at its best price ever, $350 cheaper than Dyson.",https://gizmodo.com/shark-flexstyle-styling-system-hits-a-record-low-of-250-the-dyson-airwrap-alternative-you-need-2000573444,"Shark FlexStyle Styling System Hits a Record Low of $250, the Dyson Airwrap Alternative You Need Why wait? Shark FlexStyle is at its best price ever, $350 cheaper than Dyson.",positive
"The Dyson Hot and Cool Purifier Drops to Its Lowest Price, Save $130 on Year-Round Air Treatment",Meet all your heating and cooling needs with a single appliance – and save some big cash while you're at it.,https://gizmodo.com/the-dyson-hot-and-cool-purifier-drops-to-its-lowest-price-save-130-on-year-round-air-treatment-2000575942,"The Dyson Hot and Cool Purifier Drops to Its Lowest Price, Save $130 on Year-Round Air Treatment Meet all your heating and cooling needs with a single appliance – and save some big cash while you're at it.",positive
"Theater-Like Audio for Just $100, Amazon Fire TV Soundbar Makes It Possible",It fits right into your Amazon Fire ecosystem and it connects quickly and seamlessly.,https://gizmodo.com/theater-like-audio-for-just-100-amazon-fire-tv-soundbar-makes-it-possible-2000572335,"Theater-Like Audio for Just $100, Amazon Fire TV Soundbar Makes It Possible It fits right into your Amazon Fire ecosystem and it connects quickly and seamlessly.",negative
"Apple Watch Series 10 Just Hit Its Lowest Price Since Launch, $100 Off on Amazon for a Limited Time","It's time for a smartwatch upgrade, and these major Apple Watch savings are well worth your time.",https://gizmodo.com/apple-watch-series-10-just-hit-its-lowest-price-since-launch-100-off-on-amazon-for-a-limited-time-2000573441,"Apple Watch Series 10 Just Hit Its Lowest Price Since Launch, $100 Off on Amazon for a Limited Time It's time for a smartwatch upgrade, and these major Apple Watch savings are well worth your time.",positive
Samsung Galaxy S25 Ultra Price Drop Makes It Cheaper Than a Galaxy Watch Ultra With Huge Trade-In Savings,"Save up to $1,200+ on Samsung Galaxy s25 Ultra. Get up to $900 instant trade-in credit and up to $300 Samsung credits.",https://gizmodo.com/samsung-galaxy-s25-ultra-price-drop-makes-it-cheaper-than-a-galaxy-watch-ultra-with-huge-trade-in-savings-2000568084,"Samsung Galaxy S25 Ultra Price Drop Makes It Cheaper Than a Galaxy Watch Ultra With Huge Trade-In Savings Save up to $1,200+ on Samsung Galaxy s25 Ultra. Get up to $900 instant trade-in credit and up to $300 Samsung credits.",positive
Bless the Modder Who Is Fixing AMD’s Newest GPUs,Modders FTW! Modder HighYield shows off free app that brings AMD's FSR 4 tech to more games.,https://gizmodo.com/bless-the-modder-who-is-fixing-amds-newest-gpus-2000576983,Bless the Modder Who Is Fixing AMD’s Newest GPUs Modders FTW! Modder HighYield shows off free app that brings AMD's FSR 4 tech to more games.,positive
TSMC announces $100 billion investment in US chipmaking,"Taiwan Semiconductor Manufacturing Co. – the world’s biggest chipmaker – will invest at least $100 billion to expand chip manufacturing in the US. During a press conference on Monday, President Donald Trump said the funding would go toward building two additi…",https://www.theverge.com/news/623335/tsmc-chip-factories-100-billion-trump,"TSMC announces $100 billion investment in US chipmaking Taiwan Semiconductor Manufacturing Co. – the world’s biggest chipmaker – will invest at least $100 billion to expand chip manufacturing in the US. During a press conference on Monday, President Donald Trump said the funding would go toward building two additi…",positive
Bad design might simply be obsolete design,"Perhaps you’ve encountered a sink with two taps, not one. One for hot, one for cold, without a chance to mix them before you scald or chill yourself. It seems absurd that the folks who figured out the technology to build sinks with running water couldn’t be b…",https://seths.blog/2025/03/bad-design-might-simply-be-obsolete-design/,"Bad design might simply be obsolete design Perhaps you’ve encountered a sink with two taps, not one. One for hot, one for cold, without a chance to mix them before you scald or chill yourself. It seems absurd that the folks who figured out the technology to build sinks with running water couldn’t be b…",negative
The high stakes for AI Alexa,"Amazon has been trying to make virtual assistants happen for more than a decade. Alexa is, by many definitions, wildly successful, but it has so far failed to become the kind of omnipresent, omnipotent helper the company imagines. (It has also, by all account…",https://www.theverge.com/the-vergecast/621514/alexa-plus-amazon-ai-vergecast,"The high stakes for AI Alexa Amazon has been trying to make virtual assistants happen for more than a decade. Alexa is, by many definitions, wildly successful, but it has so far failed to become the kind of omnipresent, omnipotent helper the company imagines. (It has also, by all account…",neutral
Democratic FCC Commissioner Geoffrey Starks will resign this spring,"Federal Communications Commission Chair Brendan Carr could get a Republican majority slightly sooner than expected after Democratic Commissioner Geoffrey Starks announced Tuesday he plans to resign this spring. Starks announced his plans in a statement, but d…",https://www.theverge.com/news/631833/democratic-fcc-commissioner-geoffrey-starks-resigns,"Democratic FCC Commissioner Geoffrey Starks will resign this spring Federal Communications Commission Chair Brendan Carr could get a Republican majority slightly sooner than expected after Democratic Commissioner Geoffrey Starks announced Tuesday he plans to resign this spring. Starks announced his plans in a statement, but d…",negative
China claims its stealth drones fly 3x longer using 50% less energy than US rivals,"China's next-generation drone technology allegedly lasts three times as long as the US equivalent, while using half the energy.",https://interestingengineering.com/innovation/china-stealth-drones-ahead-of-darpas,"China claims its stealth drones fly 3x longer using 50% less energy than US rivals China's next-generation drone technology allegedly lasts three times as long as the US equivalent, while using half the energy.",positive
Energy firm sets world record with 'champion cell' technology: 'This result is laying the groundwork',,https://consent.yahoo.com/v2/collectConsent?sessionId=1_cc-session_16c0dd5c-9c5e-4916-bb09-ce68bad42b68,,neutral
"Hometown CEO Nick Mirisis on Building the Kind of Technology School Administrators, Athletic Directors Actually Need",,https://consent.yahoo.com/v2/collectConsent?sessionId=1_cc-session_58920f00-9cc3-405c-ae6a-0ddc0f2cc5a1,,neutral
IBM wins UK lawsuit against LzLabs over alleged theft of mainframe technology,,https://consent.yahoo.com/v2/collectConsent?sessionId=1_cc-session_3c41933e-98dc-40a9-bb32-7ca63680dbcb,,neutral
Mercedes-Benz is hedging its bets with rebooted CLA sedan,"Mercedes-Benz’s electric vehicles aren’t exactly selling like hotcakes. The EQS, EQE, and EQB have largely flopped, forcing the company to make significant changes to its electrification plans.   While the automaker has scaled back its ambitions, it’s not aba…",https://www.theverge.com/news/628464/mercedes-benz-cla-ev-hybrid-mma-platform,"Mercedes-Benz is hedging its bets with rebooted CLA sedan Mercedes-Benz’s electric vehicles aren’t exactly selling like hotcakes. The EQS, EQE, and EQB have largely flopped, forcing the company to make significant changes to its electrification plans.   While the automaker has scaled back its ambitions, it’s not aba…",positive
"Want to Live Longer, Healthier, and Happier? Then Cultivate Your Social Connections","Chronic loneliness can increase cortisol and inflammation and weaken your immune system, says social scientist Kasley Killiam. She argues it’s time to accept that good quality social connections are a fundamental human need.",https://www.wired.com/story/want-to-live-longer-healthier-and-happier-cultivate-your-social-connections-wired-health-kasley-killam/,"Want to Live Longer, Healthier, and Happier? Then Cultivate Your Social Connections Chronic loneliness can increase cortisol and inflammation and weaken your immune system, says social scientist Kasley Killiam. She argues it’s time to accept that good quality social connections are a fundamental human need.",positive
Import GPU: Python Programming with CUDA,"Every few years or so, a development in computing results in a sea change and a need for specialized workers to take advantage of the new technology. Whether that’s COBOL in the 60s and 70s, …",https://hackaday.com/2025/02/25/import-gpu-python-programming-with-cuda/,"Import GPU: Python Programming with CUDA Every few years or so, a development in computing results in a sea change and a need for specialized workers to take advantage of the new technology. Whether that’s COBOL in the 60s and 70s, …",positive
Prince William to visit British troops in Estonia,"He will learn more about how British troops are bolstering Nato's eastern flank, the palace said.",https://www.bbc.com/news/articles/clyz3d514w0o,"Prince William to visit British troops in Estonia He will learn more about how British troops are bolstering Nato's eastern flank, the palace said.",neutral
Patronus AI’s Judge-Image wants to keep AI honest — and Etsy is already using it,"Patronus AI launches the first multimodal LLM-as-a-Judge for evaluating AI systems that process images, with Etsy already implementing the technology to validate product image captions across its marketplace.",https://venturebeat.com/ai/patronus-ais-judge-image-wants-to-keep-ai-honest-and-etsy-is-already-using-it/,"Patronus AI’s Judge-Image wants to keep AI honest — and Etsy is already using it Patronus AI launches the first multimodal LLM-as-a-Judge for evaluating AI systems that process images, with Etsy already implementing the technology to validate product image captions across its marketplace.",positive
China's BYD Claims 5-Minute EV Battery Charge Gives 250 Miles of Range,An apparent battery breakthrough could be good news for the EV industry from a Chinese company that previously pledged to work with Tesla.,https://www.cnet.com/home/electric-vehicles/chinas-byd-claims-5-minute-ev-battery-charging-gives-250-miles-of-range/,China's BYD Claims 5-Minute EV Battery Charge Gives 250 Miles of Range An apparent battery breakthrough could be good news for the EV industry from a Chinese company that previously pledged to work with Tesla.,positive
This Is the Best Scene in Star Trek: Voyager‘s First Season,"30 years ago today, the ending of 'Prime Factors' wrote a check that Voyager's episodic nature could rarely cash–but it was still worth writing anyway.",https://gizmodo.com/star-trek-voyager-best-scene-prime-factors-30th-anniversary-janeway-tuvok-2000578836,"This Is the Best Scene in Star Trek: Voyager‘s First Season 30 years ago today, the ending of 'Prime Factors' wrote a check that Voyager's episodic nature could rarely cash–but it was still worth writing anyway.",positive
A Team of Female Founders Is Launching Cloud Security Tech That Could Overhaul AI Protection,"Cloud “container” defenses have inconsistencies that can give attackers too much access. A new company, Edera, is taking on that challenge and the problem of the male-dominated startup world.",https://www.wired.com/story/edera-cloud-tech-security/,"A Team of Female Founders Is Launching Cloud Security Tech That Could Overhaul AI Protection Cloud “container” defenses have inconsistencies that can give attackers too much access. A new company, Edera, is taking on that challenge and the problem of the male-dominated startup world.",negative
The Weird and Wacky Gadgets We Saw at MWC 2025,"Look past the glitzy phone launches, and you'll find some truly bizarre, sometimes ingenious devices and concepts lurking in the halls of Mobile World Congress.",https://www.wired.com/story/weird-and-wacky-gadgets-at-mwc-2025/,"The Weird and Wacky Gadgets We Saw at MWC 2025 Look past the glitzy phone launches, and you'll find some truly bizarre, sometimes ingenious devices and concepts lurking in the halls of Mobile World Congress.",negative
Window cleaner in quest to confirm priceless Shakespeare portrait,A window cleaner from Tring believes he has an authentic portrait of Shakespeare.,https://www.bbc.com/news/articles/c5yr37nlzv8o,Window cleaner in quest to confirm priceless Shakespeare portrait A window cleaner from Tring believes he has an authentic portrait of Shakespeare.,positive
A Protein Borrowed From Tardigrades Could Give Us Radiation Body Armor,Experimental research by MIT scientists and others might someday lead to less painful cancer treatment.,https://gizmodo.com/a-protein-borrowed-from-tardigrades-could-give-us-radiation-body-armor-2000569388,A Protein Borrowed From Tardigrades Could Give Us Radiation Body Armor Experimental research by MIT scientists and others might someday lead to less painful cancer treatment.,negative
Trump’s Dismantling of NASA Has Officially Begun,Newly announced layoffs highlight the troubling impact of DOGE on the space agency and federal workers as a whole.,https://gizmodo.com/nasa-closes-offices-reduces-workforce-following-trumps-executive-orders-2000574340,Trump’s Dismantling of NASA Has Officially Begun Newly announced layoffs highlight the troubling impact of DOGE on the space agency and federal workers as a whole.,negative
Trump’s FCC Head Warns EU Content Rules ‘Incompatible’ With Free Speech,It's the latest warning from the Trump administration that it wants Big Tech left alone.,https://gizmodo.com/trumps-fcc-head-warns-eu-content-rules-incompatible-with-free-speech-2000570843,Trump’s FCC Head Warns EU Content Rules ‘Incompatible’ With Free Speech It's the latest warning from the Trump administration that it wants Big Tech left alone.,negative
Patient With Artificial Heart Smashes Survival Record,"The patient, an Australian man in his 40s, lived with his fully functional heart implant long enough to be discharged from the hospital.",https://gizmodo.com/patient-with-artificial-heart-smashes-survival-record-2000574948,"Patient With Artificial Heart Smashes Survival Record The patient, an Australian man in his 40s, lived with his fully functional heart implant long enough to be discharged from the hospital.",neutral
Tearing Down a Vintage Word Processor,There was a time when the line between typewriters and word processing software was a bit fuzzy. [Poking Technology] found a Xerox 6040 which can’t decide what it is. It looks like a typewrit…,https://hackaday.com/2025/03/07/tearing-down-a-vintage-word-processor/,Tearing Down a Vintage Word Processor There was a time when the line between typewriters and word processing software was a bit fuzzy. [Poking Technology] found a Xerox 6040 which can’t decide what it is. It looks like a typewrit…,positive
How Do Air Fryers Work?,"Air fryers are the new hotness in the kitchen, but are they actually any different than a convection oven? [Technology Connections] walks us through the design of these countertop appliances …read more",https://hackaday.com/2025/02/27/how-do-air-fryers-work/,"How Do Air Fryers Work? Air fryers are the new hotness in the kitchen, but are they actually any different than a convection oven? [Technology Connections] walks us through the design of these countertop appliances …read more",neutral
